Workbook

Sheet Advertising_Data(raw)
A1: TV | B1: Billboards | C1: Google_Ads | D1: Social_Media | E1: Influencer_Marketing | F1: Affiliate_Marketing | G1: Product_Sold
A2: 1.04 | B2: 19.68 | C2: 900.71 | D2: 55.67 | E2: 379.03 | F2: 63.1 | G2: 2259
A3: 480.67 | B3: 135.75 | C3: 82.66 | D3: 217.72 | E3: 217.9 | F3: 15.41 | G3: 2353
A4: 283.57 | B4: 358.42 | C4: 213.66 | D4: 29.11 | E4: 622.68 | F4: 90.42 | G4: 3141
A5: 149.78 | B5: 191.97 | C5: 558.87 | D5: 172.98 | E5: 412.79 | F5: 178.45 | G5: 3335
A6: 529.95 | B6: 191.3 | C6: 89.94 | D6: 28.84 | E6: 507.41 | F6: 256.91 | G6: 3473
A7: 165.26 | B7: 517.76 | C7: 172.03 | D7: 170.31 | E7: 169.94 | F7: 206.04 | G7: 3600
A8: 762.09 | B8: 184.57 | C8: 176.61 | D8: 97.85 | E8: 116.67 | F8: 251.74 | G8: 3726
A9: 224.05 | B9: 637.58 | C9: 183.57 | D9: 184.65 | E9: 264.44 | F9: 87.95 | G9: 3765
A10: 347.01 | B10: 103.13 | C10: 275.4 | D10: 711.14 | E10: 23.83 | F10: 138.33 | G10: 3779
A11: 36.04 | B11: 423.25 | C11: 166.91 | D11: 222.02 | E11: 598.43 | F11: 247.19 | G11: 3878
A12: 506.05 | B12: 293.98 | C12: 145.94 | D12: 299.63 | E12: 819.33 | F12: 20.55 | G12: 3947
A13: 590.98 | B13: 3.63 | C13: 486.88 | D13: 95.81 | E13: 119.34 | F13: 409.45 | G13: 3956
... A301: 787.33 | B301: 947.73 | C301: 884.15 | D301: 992.3 | E301: 871.55 | F301: 742.36 | G301: 12227

Sheet EDA_1
A3: Row Labels | B3: Count of product_sold_range | C3: Sum of total_spend | D3: Average of total_spend2 | E3: Average of Cost_per_sale | F3: Sum of Cost_per_sale
A4: 0-5000 | B4: 35 | C4: 64835 | D4: 1852.4286 | E4: 0.45331472 | F4: 15.866015
A5: 5000-6999 | B5: 109 | C5: 292034.68 | D5: 2679.2172 | E5: 0.44109597 | F5: 48.07946
A6: 7000-8999 | B6: 125 | C6: 407631.76 | D6: 3261.0541 | E6: 0.41068173 | F6: 51.335217
A7: 9000+ | B7: 31 | C7: 127243.57 | D7: 4104.6313 | E7: 0.41357131 | F7: 12.820711
A8: Grand Total | B8: 300 | C8: 891745.01 | D8: 2972.4834 | E8: 0.42700468 | F8: 128.1014

Sheet EDA_2
A3: Row Labels | B3: Sum of traditional_spend | C3: Sum of digital_spend | D3: Average of traditional_spend2 | E3: Average of digital_spend2
A4: 0-5000 | B4: 20368.1 | C4: 22980.2 | D4: 581.94571 | E4: 656.57714
A5: 5000-6999 | B5: 98404.17 | C5: 105823.24 | D5: 902.79055 | E5: 970.85541
A6: 7000-8999 | B6: 142420.36 | C6: 129863.69 | D6: 1139.3629 | E6: 1038.9095
A7: 9000+ | B7: 44830.15 | C7: 42006.14 | D7: 1446.1339 | E7: 1355.0368
A8: Grand Total | B8: 306022.78 | C8: 300673.27 | D8: 1020.0759 | E8: 1002.2442

Sheet EDA_3
A4: Row Labels | B4: Average of partnership_spend | C4: Average of traditional_spend | D4: Sum of traditional_spend | E4: Sum of partnership_spend
A5: 0-5000 | B5: 232.49629 | C5: 581.94571 | D5: 20368.1 | E5: 8137.37
A6: 5000-6999 | B6: 359.06385 | C6: 902.79055 | D6: 98404.17 | E6: 39137.96
A7: 7000-8999 | B7: 603.39536 | C7: 1139.3629 | D7: 142420.36 | E7: 75424.42
A8: 9000+ | B8: 729.98194 | C8: 1446.1339 | D8: 44830.15 | E8: 22629.44
A9: Grand Total | B9: 484.43063 | C9: 1020.0759 | D9: 306022.78 | E9: 145329.19

Sheet EDA_4
A3: Row Labels | B3: Sum of digital_spend | C3: Sum of trust_spend | D3: Average of digital_spend | E3: Average of trust_spend | J3: Row Labels | K3: Average of digital_spend | L3: Average of trust_spend | M3: Sum of digital_spend | N3: Sum of trust_spend
A4: 0-5000 | B4: 22980.2 | C4: 13349.33 | D4: 656.57714 | E4: 381.40943 | J4: 0-5000 | K4: 656.57714 | L4: 381.40943 | M4: 22980.2 | N4: 13349.33
A5: 5000-6999 | B5: 105823.24 | C5: 48669.31 | D5: 970.85541 | E5: 446.50743 | J5: 5000-6999 | K5: 970.85541 | L5: 446.50743 | M5: 105823.24 | N5: 48669.31
A6: 7000-8999 | B6: 129863.69 | C6: 59923.29 | D6: 1038.9095 | E6: 479.38632 | J6: 7000-8999 | K6: 1038.9095 | L6: 479.38632 | M6: 129863.69 | N6: 59923.29
A7: 9000+ | B7: 42006.14 | C7: 17777.84 | D7: 1355.0368 | E7: 573.47871 | J7: 9000+ | K7: 1355.0368 | L7: 573.47871 | M7: 42006.14 | N7: 17777.84
A8: Grand Total | B8: 300673.27 | C8: 139719.77 | D8: 1002.2442 | E8: 465.73257 | J8: Grand Total | K8: 1002.2442 | L8: 465.73257 | M8: 300673.27 | N8: 139719.77

Sheet EDA_5
A3: Row Labels | B3: Sum of traditional_spend | C3: Sum of digital_spend | D3: Sum of partnership_spend | E3: Sum of trust_spend
A4: 0-5000 | B4: 20368.1 | C4: 22980.2 | D4: 8137.37 | E4: 13349.33
A5: 5000-6999 | B5: 98404.17 | C5: 105823.24 | D5: 39137.96 | E5: 48669.31
A6: 7000-8999 | B6: 142420.36 | C6: 129863.69 | D6: 75424.42 | E6: 59923.29
A7: 9000+ | B7: 44830.15 | C7: 42006.14 | D7: 22629.44 | E7: 17777.84
A8: Grand Total | B8: 306022.78 | C8: 300673.27 | D8: 145329.19 | E8: 139719.77
A13: Row Labels | B13: Average of traditional_spend | C13: Average of digital_spend | D13: Average of partnership_spend | E13: Average of trust_spend
A14: 0-5000 | B14: 581.94571 | C14: 656.57714 | D14: 232.49629 | E14: 381.40943
A15: 5000-6999 | B15: 902.79055 | C15: 970.85541 | D15: 359.06385 | E15: 446.50743
A16: 7000-8999 | B16: 1139.3629 | C16: 1038.9095 | D16: 603.39536 | E16: 479.38632
A17: 9000+ | B17: 1446.1339 | C17: 1355.0368 | D17: 729.98194 | E17: 573.47871
A18: Grand Total | B18: 1020.0759 | C18: 1002.2442 | D18: 484.43063 | E18: 465.73257

Sheet traditional_dril
A3: Row Labels | B3: Sum of TV | C3: Sum of Billboards | D3: Average of TV2 | E3: Average of Billboards2
A4: 0-5000 | B4: 10934.41 | C4: 9433.69 | D4: 312.41171 | E4: 269.534
A5: 5000-6999 | B5: 51856.85 | C5: 46547.32 | D5: 475.75092 | E5: 427.03963
A6: 7000-8999 | B6: 70036.39 | C6: 72383.97 | D6: 560.29112 | E6: 579.07176
A7: 9000+ | B7: 22401.65 | C7: 22428.5 | D7: 722.63387 | E7: 723.5
A8: Grand Total | B8: 155229.3 | C8: 150793.48 | D8: 517.431 | E8: 502.64493

Sheet EDA_6
A3: Row Labels | B3: Sum of performance channel | C3: Sum of support_channels | D3: Average of performance channel2 | E3: Average of support_channels2
A4: 0-5000 | B4: 43348.3 | C4: 21486.7 | D4: 1238.5229 | E4: 613.90571
A5: 5000-6999 | B5: 204227.41 | C5: 87807.27 | D5: 1873.646 | E5: 805.57128
A6: 7000-8999 | B6: 272284.05 | C6: 135347.71 | D6: 2178.2724 | E6: 1082.7817
A7: 9000+ | B7: 86836.29 | C7: 40407.28 | D7: 2801.1706 | E7: 1303.4606
A8: Grand Total | B8: 606696.05 | C8: 285048.96 | D8: 2022.3202 | E8: 950.1632

Sheet cleaned_data
A1: Tv | B1: Billboards | C1: Google_Ads | D1: Social_Media | E1: Influencer_Marketing | F1: Affiliate_Marketing | G1: Product_Sold | H1: product_sold_range | I1: total_spend | J1: Cost_per_sale | K1: traditional_spend | L1: digital_spend | M1: partnership_spend | N1: trust_spend | O1: performance channel | P1: support_channels
A2: 281.42 | B2: 538.8 | C2: 123.94 | D2: 349.3 | E2: 242.77 | F2: 910.1 | G2: 7164 | H2: =IF(G2<5000,"0-5000",IF(G2<7000,"5000-6999",IF(G2<9000,"7000-8999","9000+"))) -> 7000-8999 | I2: =A2+B2+C2+D2+E2+F2 -> 2446.33 | J2: =I2/G2 -> 0.34147543 | K2: =A2+B2 -> 820.22 | L2: =C2+D2 -> 473.24 | M2: =F2 -> 910.1 | N2: =E2 -> 242.77 | O2: =K2+L2 -> 1293.46 | P2: =M2+N2 -> 1152.87
A3: 702.97 | B3: 296.53 | C3: 558.13 | D3: 180.55 | E3: 781.06 | F3: 132.43 | G3: 5055 | H3: =IF(G3<5000,"0-5000",IF(G3<7000,"5000-6999",IF(G3<9000,"7000-8999","9000+"))) -> 5000-6999 | I3: =A3+B3+C3+D3+E3+F3 -> 2651.67 | J3: =I3/G3 -> 0.5245638 | K3: =A3+B3 -> 999.5 | L3: =C3+D3 -> 738.68 | M3: =F3 -> 132.43 | N3: =E3 -> 781.06 | O3: =K3+L3 -> 1738.18 | P3: =M3+N3 -> 913.49
A4: 313.14 | B4: 295.94 | C4: 642.96 | D4: 505.71 | E4: 438.91 | F4: 464.23 | G4: 6154 | H4: =IF(G4<5000,"0-5000",IF(G4<7000,"5000-6999",IF(G4<9000,"7000-8999","9000+"))) -> 5000-6999 | I4: =A4+B4+C4+D4+E4+F4 -> 2660.89 | J4: =I4/G4 -> 0.43238382 | K4: =A4+B4 -> 609.08 | L4: =C4+D4 -> 1148.67 | M4: =F4 -> 464.23 | N4: =E4 -> 438.91 | O4: =K4+L4 -> 1757.75 | P4: =M4+N4 -> 903.14 | S4: Category | T4: Total_spend | U4: Average_spend
A5: 898.52 | B5: 61.27 | C5: 548.73 | D5: 240.93 | E5: 278.96 | F5: 432.27 | G5: 5480 | H5: =IF(G5<5000,"0-5000",IF(G5<7000,"5000-6999",IF(G5<9000,"7000-8999","9000+"))) -> 5000-6999 | I5: =A5+B5+C5+D5+E5+F5 -> 2460.68 | J5: =I5/G5 -> 0.4490292 | K5: =A5+B5 -> 959.79 | L5: =C5+D5 -> 789.66 | M5: =F5 -> 432.27 | N5: =E5 -> 278.96 | O5: =K5+L5 -> 1749.45 | P5: =M5+N5 -> 711.23 | S5: Traditional_spend | T5: =SUM(K2:K301) -> 306022.78 | U5: =AVERAGE(K2:K301) -> 1020.0759
A6: 766.52 | B6: 550.72 | C6: 651.91 | D6: 666.33 | E6: 396.33 | F6: 841.93 | G6: 9669 | H6: =IF(G6<5000,"0-5000",IF(G6<7000,"5000-6999",IF(G6<9000,"7000-8999","9000+"))) -> 9000+ | I6: =A6+B6+C6+D6+E6+F6 -> 3873.74 | J6: =I6/G6 -> 0.40063502 | K6: =A6+B6 -> 1317.24 | L6: =C6+D6 -> 1318.24 | M6: =F6 -> 841.93 | N6: =E6 -> 396.33 | O6: =K6+L6 -> 2635.48 | P6: =M6+N6 -> 1238.26 | S6: Digital_spend | T6: =SUM(L2:L301) -> 300673.27 | U6: =AVERAGE(L2:L301) -> 1002.2442
A7: 507.13 | B7: 612.27 | C7: 230.67 | D7: 142.96 | E7: 171.79 | F7: 965.77 | G7: 7627 | H7: =IF(G7<5000,"0-5000",IF(G7<7000,"5000-6999",IF(G7<9000,"7000-8999","9000+"))) -> 7000-8999 | I7: =A7+B7+C7+D7+E7+F7 -> 2630.59 | J7: =I7/G7 -> 0.34490494 | K7: =A7+B7 -> 1119.4 | L7: =C7+D7 -> 373.63 | M7: =F7 -> 965.77 | N7: =E7 -> 171.79 | O7: =K7+L7 -> 1493.03 | P7: =M7+N7 -> 1137.56 | S7: Partnership_spend | T7: =SUM(M2:M301) -> 145329.19 | U7: =AVERAGE(M2:M301) -> 484.43063
A8: 486.64 | B8: 555.02 | C8: 203.26 | D8: 271.62 | E8: 70.04 | F8: 366.25 | G8: 5177 | H8: =IF(G8<5000,"0-5000",IF(G8<7000,"5000-6999",IF(G8<9000,"7000-8999","9000+"))) -> 5000-6999 | I8: =A8+B8+C8+D8+E8+F8 -> 1952.83 | J8: =I8/G8 -> 0.37721267 | K8: =A8+B8 -> 1041.66 | L8: =C8+D8 -> 474.88 | M8: =F8 -> 366.25 | N8: =E8 -> 70.04 | O8: =K8+L8 -> 1516.54 | P8: =M8+N8 -> 436.29 | S8: Trust_spend | T8: =SUM(N2:N301) -> 139719.77 | U8: =AVERAGE(N2:N301) -> 465.73257
A9: 762.09 | B9: 184.57 | C9: 176.61 | D9: 97.85 | E9: 116.67 | F9: 251.74 | G9: 3726 | H9: =IF(G9<5000,"0-5000",IF(G9<7000,"5000-6999",IF(G9<9000,"7000-8999","9000+"))) -> 0-5000 | I9: =A9+B9+C9+D9+E9+F9 -> 1589.53 | J9: =I9/G9 -> 0.42660494 | K9: =A9+B9 -> 946.66 | L9: =C9+D9 -> 274.46 | M9: =F9 -> 251.74 | N9: =E9 -> 116.67 | O9: =K9+L9 -> 1221.12 | P9: =M9+N9 -> 368.41
A10: 638.6 | B10: 778.31 | C10: 796.32 | D10: 759.04 | E10: 857.13 | F10: 515.16 | G10: 9801 | H10: =IF(G10<5000,"0-5000",IF(G10<7000,"5000-6999",IF(G10<9000,"7000-8999","9000+"))) -> 9000+ | I10: =A10+B10+C10+D10+E10+F10 -> 4344.56 | J10: =I10/G10 -> 0.44327722 | K10: =A10+B10 -> 1416.91 | L10: =C10+D10 -> 1555.36 | M10: =F10 -> 515.16 | N10: =E10 -> 857.13 | O10: =K10+L10 -> 2972.27 | P10: =M10+N10 -> 1372.29
A11: 591.48 | B11: 542.51 | C11: 400.23 | D11: 329.15 | E11: 577.38 | F11: 931.65 | G11: 8652 | H11: =IF(G11<5000,"0-5000",IF(G11<7000,"5000-6999",IF(G11<9000,"7000-8999","9000+"))) -> 7000-8999 | I11: =A11+B11+C11+D11+E11+F11 -> 3372.4 | J11: =I11/G11 -> 0.38978271 | K11: =A11+B11 -> 1133.99 | L11: =C11+D11 -> 729.38 | M11: =F11 -> 931.65 | N11: =E11 -> 577.38 | O11: =K11+L11 -> 1863.37 | P11: =M11+N11 -> 1509.03
A12: 667.17 | B12: 577.85 | C12: 898.19 | D12: 970.28 | E12: 789.52 | F12: 852.99 | G12: 11210 | H12: =IF(G12<5000,"0-5000",IF(G12<7000,"5000-6999",IF(G12<9000,"7000-8999","9000+"))) -> 9000+ | I12: =A12+B12+C12+D12+E12+F12 -> 4756 | J12: =I12/G12 -> 0.42426405 | K12: =A12+B12 -> 1245.02 | L12: =C12+D12 -> 1868.47 | M12: =F12 -> 852.99 | N12: =E12 -> 789.52 | O12: =K12+L12 -> 3113.49 | P12: =M12+N12 -> 1642.51
A13: 787.33 | B13: 947.73 | C13: 884.15 | D13: 992.3 | E13: 871.55 | F13: 742.36 | G13: 12227 | H13: =IF(G13<5000,"0-5000",IF(G13<7000,"5000-6999",IF(G13<9000,"7000-8999","9000+"))) -> 9000+ | I13: =A13+B13+C13+D13+E13+F13 -> 5225.42 | J13: =I13/G13 -> 0.4273673 | K13: =A13+B13 -> 1735.06 | L13: =C13+D13 -> 1876.45 | M13: =F13 -> 742.36 | N13: =E13 -> 871.55 | O13: =K13+L13 -> 3611.51 | P13: =M13+N13 -> 1613.91
A14: 537.75 | B14: 865.19 | C14: 768.61 | D14: 626.87 | E14: 702.96 | F14: 211.92 | G14: 8093 | H14: =IF(G14<5000,"0-5000",IF(G14<7000,"5000-6999",IF(G14<9000,"7000-8999","9000+"))) -> 7000-8999 | I14: =A14+B14+C14+D14+E14+F14 -> 3713.3 | J14: =I14/G14 -> 0.45882862 | K14: =A14+B14 -> 1402.94 | L14: =C14+D14 -> 1395.48 | M14: =F14 -> 211.92 | N14: =E14 -> 702.96 | O14: =K14+L14 -> 2798.42 | P14: =M14+N14 -> 914.88
A15: 735.78 | B15: 661.81 | C15: 282 | D15: 102.96 | E15: 588.45 | F15: 585.74 | G15: 7181 | H15: =IF(G15<5000,"0-5000",IF(G15<7000,"5000-6999",IF(G15<9000,"7000-8999","9000+"))) -> 7000-8999 | I15: =A15+B15+C15+D15+E15+F15 -> 2956.74 | J15: =I15/G15 -> 0.41174488 | K15: =A15+B15 -> 1397.59 | L15: =C15+D15 -> 384.96 | M15: =F15 -> 585.74 | N15: =E15 -> 588.45 | O15: =K15+L15 -> 1782.55 | P15: =M15+N15 -> 1174.19
A16: 631.14 | B16: 207.04 | C16: 939.62 | D16: 358.88 | E16: 515.59 | F16: 778.49 | G16: 7910 | H16: =IF(G16<5000,"0-5000",IF(G16<7000,"5000-6999",IF(G16<9000,"7000-8999","9000+"))) -> 7000-8999 | I16: =A16+B16+C16+D16+E16+F16 -> 3430.76 | J16: =I16/G16 -> 0.4337244 | K16: =A16+B16 -> 838.18 | L16: =C16+D16 -> 1298.5 | M16: =F16 -> 778.49 | N16: =E16 -> 515.59 | O16: =K16+L16 -> 2136.68 | P16: =M16+N16 -> 1294.08
A17: 334.12 | B17: 515.21 | C17: 565.22 | D17: 153.75 | E17: 685.88 | F17: 271.07 | G17: 5337 | H17: =IF(G17<5000,"0-5000",IF(G17<7000,"5000-6999",IF(G17<9000,"7000-8999","9000+"))) -> 5000-6999 | I17: =A17+B17+C17+D17+E17+F17 -> 2525.25 | J17: =I17/G17 -> 0.47315908 | K17: =A17+B17 -> 849.33 | L17: =C17+D17 -> 718.97 | M17: =F17 -> 271.07 | N17: =E17 -> 685.88 | O17: =K17+L17 -> 1568.3 | P17: =M17+N17 -> 956.95
A18: 194.33 | B18: 558.81 | C18: 571.82 | D18: 531.53 | E18: 485.4 | F18: 155.53 | G18: 5468 | H18: =IF(G18<5000,"0-5000",IF(G18<7000,"5000-6999",IF(G18<9000,"7000-8999","9000+"))) -> 5000-6999 | I18: =A18+B18+C18+D18+E18+F18 -> 2497.42 | J18: =I18/G18 -> 0.45673372 | K18: =A18+B18 -> 753.14 | L18: =C18+D18 -> 1103.35 | M18: =F18 -> 155.53 | N18: =E18 -> 485.4 | O18: =K18+L18 -> 1856.49 | P18: =M18+N18 -> 640.93
A19: 955.97 | B19: 890.21 | C19: 343.96 | D19: 609.33 | E19: 62.99 | F19: 307.14 | G19: 7937 | H19: =IF(G19<5000,"0-5000",IF(G19<7000,"5000-6999",IF(G19<9000,"7000-8999","9000+"))) -> 7000-8999 | I19: =A19+B19+C19+D19+E19+F19 -> 3169.6 | J19: =I19/G19 -> 0.39934484 | K19: =A19+B19 -> 1846.18 | L19: =C19+D19 -> 953.29 | M19: =F19 -> 307.14 | N19: =E19 -> 62.99 | O19: =K19+L19 -> 2799.47 | P19: =M19+N19 -> 370.13
A20: 974.14 | B20: 188.8 | C20: 606.22 | D20: 74.83 | E20: 820.43 | F20: 408.68 | G20: 6228 | H20: =IF(G20<5000,"0-5000",IF(G20<7000,"5000-6999",IF(G20<9000,"7000-8999","9000+"))) -> 5000-6999 | I20: =A20+B20+C20+D20+E20+F20 -> 3073.1 | J20: =I20/G20 -> 0.49343288 | K20: =A20+B20 -> 1162.94 | L20: =C20+D20 -> 681.05 | M20: =F20 -> 408.68 | N20: =E20 -> 820.43 | O20: =K20+L20 -> 1843.99 | P20: =M20+N20 -> 1229.11
... A301: 476.45 | B301: 884.77 | C301: 301.79 | D301: 802.3 | E301: 434.82 | F301: 401.69 | G301: 8187 | H301: =IF(G301<5000,"0-5000",IF(G301<7000,"5000-6999",IF(G301<9000,"7000-8999","9000+"))) -> 7000-8999 | I301: =A301+B301+C301+D301+E301+F301 -> 3301.82 | J301: =I301/G301 -> 0.40330035 | K301: =A301+B301 -> 1361.22 | L301: =C301+D301 -> 1104.09 | M301: =F301 -> 401.69 | N301: =E301 -> 434.82 | O301: =K301+L301 -> 2465.31 | P301: =M301+N301 -> 836.51

Sheet category_pefromance
A1: Category | B1: Total_spend | C1: Average_spend
A2: Traditional_spend | B2: =SUM(cleaned_data!K2:K301) -> 306022.78 | C2: =AVERAGE(cleaned_data!K2:K301) -> 1020.0759
A3: Digital_spend | B3: =SUM(cleaned_data!L2:L301) -> 300673.27 | C3: =AVERAGE(cleaned_data!L2:L301) -> 1002.2442
A4: Partnership_spend | B4: =SUM(cleaned_data!M2:M301) -> 145329.19 | C4: =AVERAGE(cleaned_data!M2:M301) -> 484.43063
A5: Trust_spend | B5: =SUM(cleaned_data!N2:N301) -> 139719.77 | C5: =AVERAGE(cleaned_data!N2:N301) -> 465.73257
